sampleID,area_under_hump,nMolAs_in_vial,Sample ID,pMolAs_enviro
Smp_ALOHA_crude,1366016.023637597,1227.4619910796475,ALOHA,4.929566229235532
Smp_BATS_crude,223419.08655876853,200.7578477025079,BATS,2.870311427017416
Smp_PS1_crude,412729.16604888096,370.8663406348189,ETNP-PS1,2.556524512321534
Smp_PS2_crude,503005.3434165971,451.9858696164454,ETNP-PS2,3.455079812301804
Smp_PS3_crude,365419.7786620886,328.3555107223606,ETNP-PS3,5.72320581945333
