sampleID,area_under_hump,nMolAs_in_vial,Sample ID,pMolAs_enviro
Smp_ALOHA_crude,1048386.5522048599,942.0494507551293,ALOHA,3.7833311275306403
Smp_BATS_crude,158438.22125608442,142.3679452955712,ETNP-PS2,1.0882920170204327
Smp_PS1_crude,289027.40112370247,259.71155763982165,ETNP-PS3,4.5267481419561735
Smp_PS2_crude,355713.5332296538,319.63376285246517,ETNP-PS1,2.203358623214934
Smp_PS3_crude,267376.2592749464,240.25647569133014,BATS,3.43503835831939
